zone,yieldpotential
high,201.4572963654807
low,201.12965720756333
